{
    "DontCare": 1.0,
    "Car": 0.134033203125,
    "Van": 0.11395263671875,
    "Truck": 0.123291015625,
    "Pedestrian": 0.1295166015625,
    "Person_sitting": 0.1444091796875,
    "Cyclist": 0.12457275390625,
    "Tram": 0.0859375,
    "Misc": 0.144287109375
}