{
    "DontCare": 1.0,
    "Car": 0.11773681640625,
    "Van": 0.11346435546875,
    "Truck": 0.115966796875,
    "Pedestrian": 0.1253662109375,
    "Person_sitting": 0.1595458984375,
    "Cyclist": 0.128662109375,
    "Tram": 0.085693359375,
    "Misc": 0.153564453125
}