{
    "DontCare": 1.0,
    "Car": 0.11773681640625,
    "Van": 0.11065673828125,
    "Truck": 0.11614990234375,
    "Pedestrian": 0.125732421875,
    "Person_sitting": 0.16064453125,
    "Cyclist": 0.12646484375,
    "Tram": 0.08673095703125,
    "Misc": 0.1558837890625
}