{
    "DontCare": 1.0,
    "Car": 0.11962890625,
    "Van": 0.114501953125,
    "Truck": 0.11834716796875,
    "Pedestrian": 0.12384033203125,
    "Person_sitting": 0.1588134765625,
    "Cyclist": 0.1259765625,
    "Tram": 0.0869140625,
    "Misc": 0.15185546875
}