{
    "Car": 0.255859375,
    "Van": 0.09674072265625,
    "Truck": 0.144287109375,
    "Pedestrian": 0.278564453125,
    "Person_sitting": 0.11370849609375,
    "Cyclist": 0.1982421875,
    "Tram": 0.14404296875,
    "Misc": 0.061859130859375
}